company,title,category,entry_level,states,location,updated,url,is_new
Palantir,Industrial Security Specialist,Cybersecurity,Maybe,New York,"New York, NY",2026-02-05 00:02,https://jobs.lever.co/palantir/12d13a31-5764-4678-8835-809f0deae49b,True
Twilio,Staff Security Engineer,Cybersecurity,Maybe,Remote (US),Remote - US,2026-09-04 11:25,https://job-boards.greenhouse.io/twilio/jobs/8157344,True
GuidePoint Security,GPSU Cybersecurity Spring Internship,Cybersecurity,Yes,Remote (US),Remote,2026-08-31 15:15,https://boards.greenhouse.io/guidepointsecurity/jobs/6148707004?gh_jid=6148707004,False
Palantir,"Information Security Engineer, Internship",Cybersecurity,Yes,New York,"New York, NY",2022-08-03 19:25,https://jobs.lever.co/palantir/ef725594-42dd-4f0d-ba8e-df8179dbc6cb,False
Zscaler,Detection Engineer- SkillBridge Intern,Cybersecurity,Yes,Remote (US),Remote - USA,2026-08-19 17:21,https://job-boards.greenhouse.io/zscaler/jobs/5114254007,False
Zscaler,Federal Security Operations - SkillBridge Intern,Cybersecurity,Yes,Remote (US),Remote - USA,2026-08-19 17:21,https://job-boards.greenhouse.io/zscaler/jobs/5069684007,False
Zscaler,Phishing Analyst-SkillBridge Intern,Cybersecurity,Yes,Remote (US),Remote - USA,2026-08-19 17:21,https://job-boards.greenhouse.io/zscaler/jobs/5065302007,False
GuidePoint Security,Strategic Security Advisor (New England) - Northeast region,Cybersecurity,Yes (desc),Remote (US),Remote,2026-09-03 09:53,https://boards.greenhouse.io/guidepointsecurity/jobs/6020620004?gh_jid=6020620004,False
GuidePoint Security,Strategic Security Advisor (New York Metro) - Northeast region,Cybersecurity,Yes (desc),Remote (US),Remote,2026-09-03 09:53,https://boards.greenhouse.io/guidepointsecurity/jobs/6020603004?gh_jid=6020603004,False
Abnormal Security,Senior Software Engineer - Product Engineering (Identity Security),Cybersecurity,Maybe,California,"Hybrid - San Francisco, CA, USA",2026-08-31 11:45,https://abnormal.ai/careers/jobs/7733721003?gh_jid=7733721003,False
Abnormal Security,Application Security Engineer II,Cybersecurity,Maybe,Remote (US),Remote - USA,2026-08-31 11:45,https://abnormal.ai/careers/jobs/7832743003?gh_jid=7832743003,False
Abnormal Security,Senior Cloud Security Engineer (AWS),Cybersecurity,Maybe,Remote (US),Remote - USA,2026-08-31 12:20,https://abnormal.ai/careers/jobs/7896108003?gh_jid=7896108003,False
Abnormal Security,"Senior Security Engineer, FedRAMP",Cybersecurity,Maybe,Remote (US),Remote - USA,2026-08-31 11:45,https://abnormal.ai/careers/jobs/7655130003?gh_jid=7655130003,False
Abnormal Security,Software Engineer II - Data Security,Cybersecurity,Maybe,Remote (US),Remote - USA,2026-08-31 14:18,https://abnormal.ai/careers/jobs/7981482003?gh_jid=7981482003,False
Abnormal Security,"Staff Software Engineer, Security & Privacy",Cybersecurity,Maybe,Remote (US),Remote - USA,2026-08-31 11:45,https://abnormal.ai/careers/jobs/7679429003?gh_jid=7679429003,False
Adyen,Senior AI Governance Counsel,Cybersecurity,Maybe,New York,New York,2026-08-24 15:49,https://job-boards.greenhouse.io/adyen/jobs/8107347,False
Affirm,"Director, Information Technology & Security",Cybersecurity,Maybe,Remote (US),Remote US,2026-08-12 15:12,https://job-boards.greenhouse.io/affirm/jobs/7607567003,False
Affirm,"Quantitative Analytics Manager, Affirm Bank Model Governance",Cybersecurity,Maybe,Remote (US),Remote US,2026-08-12 15:12,https://job-boards.greenhouse.io/affirm/jobs/7819441003,False
Affirm,Security Risk Management Lead,Cybersecurity,Maybe,Remote (US),Remote US,2026-08-12 15:12,https://job-boards.greenhouse.io/affirm/jobs/7718808003,False
Affirm,Security Risk Management Specialist II,Cybersecurity,Maybe,Remote (US),Remote US,2026-08-18 16:24,https://job-boards.greenhouse.io/affirm/jobs/7832333003,False
Affirm,Senior CIAM Software Engineer,Cybersecurity,Maybe,Remote (US),Remote US,2026-08-12 15:12,https://job-boards.greenhouse.io/affirm/jobs/7671388003,False
Affirm,Staff CIAM Software Engineer,Cybersecurity,Maybe,Remote (US),Remote US,2026-08-14 03:00,https://job-boards.greenhouse.io/affirm/jobs/7819449003,False
Altium,Cloud Security Architect,Cybersecurity,Maybe,Louisiana,La Jolla,2026-03-13 08:00,https://remoteOK.com/remote-jobs/remote-cloud-security-architect-altium-1130757,False
Armis,Technical Customer Success Manager - Cyber Security,Cybersecurity,Maybe,"Colorado, Texas, Washington, Washington DC","Dallas, Texas, United States; Denver, Colorado, United States; Washington DC - Baltimore Metro Area",2026-07-23 11:06,https://job-boards.greenhouse.io/armissecurity/jobs/4959359004,False
BeyondTrust,Principal Software Security Architect,Cybersecurity,Maybe,Remote (US),Remote United States,2026-08-12 09:46,https://job-boards.greenhouse.io/beyondtrust/jobs/7885501,False
Brex,Senior Security Operations Engineer,Cybersecurity,Maybe,California,"San Francisco, California, United States",2026-07-16 18:44,https://www.brex.com/careers/8339252002?gh_jid=8339252002,False
Brex,Senior Security Operations Engineer,Cybersecurity,Maybe,New York,"New York, New York, United States",2026-07-16 18:44,https://www.brex.com/careers/8339277002?gh_jid=8339277002,False
Brex,Senior Security Operations Engineer,Cybersecurity,Maybe,Washington,"Seattle, Washington, United States",2026-07-16 18:45,https://www.brex.com/careers/8339283002?gh_jid=8339283002,False
Bridgewater Associates,Senior Security Engineer,Cybersecurity,Maybe,Remote (US),Remote,2026-04-23 00:00,https://remoteOK.com/remote-jobs/remote-senior-security-engineer-bridgewater-associates-1131280,False
Bridgewater Associates Referrals,Senior Security Engineer Vulnerability & Exposure Management,Cybersecurity,Maybe,Remote (US),Remote (US),2026-04-22 00:01,https://remoteOK.com/remote-jobs/remote-senior-security-engineer-vulnerability-exposure-management-bridgewater-associates-referrals-1131258,False
Chime,"Manager, Product Security",Cybersecurity,Maybe,California,"San Francisco, CA, USA",2026-08-28 14:33,https://boards.greenhouse.io/chime/jobs/8526680002?gh_jid=8526680002,False
Chime,"Senior Software Engineer, Data Governance",Cybersecurity,Maybe,California,"San Francisco, CA, USA",2026-08-28 14:33,https://boards.greenhouse.io/chime/jobs/8525098002?gh_jid=8525098002,False
Chime,"Director, Associate General Counsel, Privacy, Cybersecurity, and AI",Cybersecurity,Maybe,"California, New York","New York, NY, USA; San Francisco, CA, USA",2026-08-28 14:33,https://boards.greenhouse.io/chime/jobs/8531775002?gh_jid=8531775002,False
Chime,Senior Security Engineer,Cybersecurity,Maybe,"California, New York","New York, NY, USA; San Francisco, CA, USA",2026-06-29 18:23,https://boards.greenhouse.io/chime/jobs/8575572002?gh_jid=8575572002,False
Chime,"Sr. Analyst, AML Governance",Cybersecurity,Maybe,Illinois,"Chicago, IL, USA",2026-08-28 14:34,https://boards.greenhouse.io/chime/jobs/8726050002?gh_jid=8726050002,False
Cloudflare,EIAM Business Enablement & Operations Intern (Fall 2026),Cybersecurity,Maybe,Indiana,In-Office,2026-09-04 10:59,https://boards.greenhouse.io/cloudflare/jobs/8068479?gh_jid=8068479,False
Cloudflare,Global Physical Security Intelligence Specialist,Cybersecurity,Maybe,Indiana,In-Office,2026-09-04 10:59,https://boards.greenhouse.io/cloudflare/jobs/7816547?gh_jid=7816547,False
Cloudflare,Incident Response Analyst - React,Cybersecurity,Maybe,Indiana,In-Office,2026-09-04 10:59,https://boards.greenhouse.io/cloudflare/jobs/8025650?gh_jid=8025650,False
Cloudflare,Security Engineer (IAM),Cybersecurity,Maybe,Indiana,In-Office,2026-09-04 10:59,https://boards.greenhouse.io/cloudflare/jobs/8124227?gh_jid=8124227,False
Coinbase,"Compliance, Threat & Risk Assessment Manager",Cybersecurity,Maybe,Remote (US),Remote - USA,2026-08-21 06:19,https://www.coinbase.com/careers/positions/8064692?gh_jid=8064692,False
Coinbase,"Senior Manager, Security Audit",Cybersecurity,Maybe,Remote (US),Remote - USA,2026-08-06 16:46,https://www.coinbase.com/careers/positions/7997926?gh_jid=7997926,False
Coinbase,Threat Intelligence Platform Engineer,Cybersecurity,Maybe,Remote (US),Remote - USA,2026-09-03 14:02,https://www.coinbase.com/careers/positions/8177619?gh_jid=8177619,False
Databricks,Engineering Manager - Identity and Access Management (IAM),Cybersecurity,Maybe,California,"Mountain View, California",2026-08-18 13:17,https://databricks.com/company/careers/open-positions/job?gh_jid=8298018002,False
Databricks,"Principal Product Marketing Manager, AI Governance",Cybersecurity,Maybe,California,"San Francisco, California",2026-09-02 00:24,https://databricks.com/company/careers/open-positions/job?gh_jid=8493724002,False
Databricks,Principal Security Field Engineer,Cybersecurity,Maybe,California,Remote - California,2026-09-02 00:42,https://databricks.com/company/careers/open-positions/job?gh_jid=8612863002,False
Databricks,Senior Software Engineer - Security,Cybersecurity,Maybe,California,"San Francisco, California",2026-08-18 13:17,https://databricks.com/company/careers/open-positions/job?gh_jid=7274459002,False
Databricks,Senior Staff Software Engineer - Security Infrastructure,Cybersecurity,Maybe,California,"Mountain View, California",2026-08-18 13:17,https://databricks.com/company/careers/open-positions/job?gh_jid=7274908002,False
Databricks,"Sr. Product Manager, Data Governance",Cybersecurity,Maybe,California,"San Francisco, California",2026-09-02 00:05,https://databricks.com/company/careers/open-positions/job?gh_jid=7863365002,False
Databricks,"Sr. Staff Software Engineer — Observability, Insights & Governance",Cybersecurity,Maybe,California,"Mountain View, California; San Francisco, California",2026-09-02 00:05,https://databricks.com/company/careers/open-positions/job?gh_jid=8575248002,False
Databricks,Staff Data Scientist - Trust and Safety,Cybersecurity,Maybe,California,"San Francisco, California",2026-08-18 13:17,https://databricks.com/company/careers/open-positions/job?gh_jid=8178287002,False
Databricks,Staff Enterprise Security Engineer,Cybersecurity,Maybe,California,Remote - California,2026-09-02 00:22,https://databricks.com/company/careers/open-positions/job?gh_jid=8479031002,False
Databricks,"Staff Product Manager, Security",Cybersecurity,Maybe,California,"San Francisco, California",2026-08-18 13:17,https://databricks.com/company/careers/open-positions/job?gh_jid=7110499002,False
Databricks,Staff Security Field Engineer,Cybersecurity,Maybe,California,Remote - California,2026-09-02 00:42,https://databricks.com/company/careers/open-positions/job?gh_jid=8612870002,False
Databricks,"Staff Security Software Engineer, AI Security Engineering",Cybersecurity,Maybe,California,Remote - California,2026-09-02 00:05,https://databricks.com/company/careers/open-positions/job?gh_jid=7882009002,False
Databricks,Staff Software Engineer - Security Infrastructure,Cybersecurity,Maybe,California,"Mountain View, California",2026-08-18 13:17,https://databricks.com/company/careers/open-positions/job?gh_jid=7994770002,False
Databricks,Sr. Forward Deployed Engineer - National Security,Cybersecurity,Maybe,"California, Delaware, Maryland, Massachusetts, New York, Virginia, Washington, Washington DC, West Virginia","Boston, Massachusetts; Delaware; Maryland; Remote - California; Remote - New York; Remote - Washington D.C.; Virginia; West Virginia",2026-09-02 00:52,https://databricks.com/company/careers/open-positions/job?gh_jid=8746374002,False
Databricks,Cyber Security GTM Leader,Cybersecurity,Maybe,"California, New York",Remote - California; Remote - New York,2026-09-02 00:36,https://databricks.com/company/careers/open-positions/job?gh_jid=8582312002,False
Databricks,Staff Technical Program Manager - Cleared/Security,Cybersecurity,Maybe,"Virginia, Washington","McLean, Virginia; Washington, D.C.",2026-09-02 00:23,https://databricks.com/company/careers/open-positions/job?gh_jid=8493148002,False
Databricks,Senior Staff Software Engineer - Security Infrastructure,Cybersecurity,Maybe,Washington,"Bellevue, Washington",2026-08-18 13:17,https://databricks.com/company/careers/open-positions/job?gh_jid=7274902002,False
Databricks,"Sr. Product Manager, Data Governance",Cybersecurity,Maybe,Washington,"Seattle, Washington",2026-09-02 00:05,https://databricks.com/company/careers/open-positions/job?gh_jid=7863522002,False
Databricks,"Sr. Staff Software Engineer — Observability, Insights & Governance",Cybersecurity,Maybe,Washington,"Bellevue, Washington; Seattle, Washington",2026-09-02 00:05,https://databricks.com/company/careers/open-positions/job?gh_jid=8575251002,False
Databricks,Sr. Staff Software Engineer - Unity Catalog Data Governance,Cybersecurity,Maybe,Washington,"Bellevue, Washington",2026-08-18 13:17,https://databricks.com/company/careers/open-positions/job?gh_jid=7993609002,False
Databricks,"Staff Product Manager, Security",Cybersecurity,Maybe,Washington,"Seattle, Washington",2026-08-18 13:17,https://databricks.com/company/careers/open-positions/job?gh_jid=7110509002,False
Databricks,Staff Software Engineer - Security Infrastructure,Cybersecurity,Maybe,Washington,"Bellevue, Washington",2026-08-18 13:17,https://databricks.com/company/careers/open-positions/job?gh_jid=7994759002,False
Databricks,Staff Security Assurance Engineer,Cybersecurity,Maybe,"Washington, Washington DC","Remote - Washington D.C.; Washington, D.C.",2026-08-18 13:17,https://databricks.com/company/careers/open-positions/job?gh_jid=8430837002,False
Datadog,Senior Product Solutions Architect - Autonomous Incident Response,Cybersecurity,Maybe,"California, Colorado, Massachusetts, New York","Boston, Massachusetts, USA; Denver, Colorado, USA; New York, New York, USA; San Francisco, California, USA",2026-09-02 10:22,https://careers.datadoghq.com/detail/8131750/?gh_jid=8131750,False
Datadog,Senior Product Marketing Manager - Incident Response,Cybersecurity,Maybe,"California, New York","New York, New York, USA; San Francisco, California, USA",2026-09-02 10:22,https://careers.datadoghq.com/detail/8121553/?gh_jid=8121553,False
Datadog,Senior Technical Product Marketing Manager - Security,Cybersecurity,Maybe,"California, New York","New York, New York, USA; San Francisco, California, USA",2026-09-02 10:22,https://careers.datadoghq.com/detail/7695546/?gh_jid=7695546,False
Datadog,"Director, Security Channels (North America)",Cybersecurity,Maybe,"California, New York, Remote (US)","Colorado, USA, Remote; Illinois, USA, Remote; New York, New York, USA; New York, USA, Remote; San Francisco, California, USA; Texas, USA, Remote",2026-09-02 10:22,https://careers.datadoghq.com/detail/7984985/?gh_jid=7984985,False
Datadog,"Product Manager II, AI & Data Security",Cybersecurity,Maybe,"Massachusetts, New York","Boston, Massachusetts, USA; New York, New York, USA",2026-09-02 10:22,https://careers.datadoghq.com/detail/7982288/?gh_jid=7982288,False
Datadog,"Senior Security Engineer, Vulnerability Management",Cybersecurity,Maybe,"Massachusetts, New York","Boston, Massachusetts, USA; New York, New York, USA",2026-09-02 16:55,https://careers.datadoghq.com/detail/8173840/?gh_jid=8173840,False
Datadog,Staff Application Security Engineer,Cybersecurity,Maybe,"Massachusetts, New York, Remote (US)","Boston, Massachusetts, USA; Connecticut, USA, Remote; Delaware, USA, Remote; District of Columbia, USA, Remote; Maryland, USA, Remote; Massachusetts, USA, Remote; New Jersey, USA, Remote; New York, New York, USA; New York, USA, Remote; Rhode Island, USA, Remote",2026-09-02 10:22,https://careers.datadoghq.com/detail/7777798/?gh_jid=7777798,False
Datadog,"Engineering Manager I, Threat Detection",Cybersecurity,Maybe,New York,"New York, New York, USA",2026-09-03 13:45,https://careers.datadoghq.com/detail/7958663/?gh_jid=7958663,False
Datadog,Enterprise Security Sales Specialist,Cybersecurity,Maybe,New York,"New York, New York, USA",2026-09-02 10:22,https://careers.datadoghq.com/detail/7129425/?gh_jid=7129425,False
Datadog,"Group Product Manager, Cloud Security",Cybersecurity,Maybe,New York,"New York, New York, USA",2026-09-02 10:22,https://careers.datadoghq.com/detail/8029539/?gh_jid=8029539,False
Datadog,Group Product Manager - Code Security,Cybersecurity,Maybe,New York,"New York, New York, USA",2026-09-02 10:22,https://careers.datadoghq.com/detail/8023763/?gh_jid=8023763,False
Datadog,Senior Cloud Security Engineer - K8s,Cybersecurity,Maybe,New York,"New York, New York, USA",2026-09-02 10:22,https://careers.datadoghq.com/detail/7815616/?gh_jid=7815616,False
Datadog,"Senior Security Engineer, Offensive Security",Cybersecurity,Maybe,New York,"New York, New York, USA",2026-09-02 10:22,https://careers.datadoghq.com/detail/7871543/?gh_jid=7871543,False
Datadog,"Senior Services Architect, Security-Cloud SIEM",Cybersecurity,Maybe,New York,"New York, New York, USA",2026-09-02 10:22,https://careers.datadoghq.com/detail/7996907/?gh_jid=7996907,False
Datadog,Enterprise Security Sales Specialist,Cybersecurity,Maybe,Remote (US),"District of Columbia, USA, Remote; North Carolina, USA, Remote",2026-09-02 10:22,https://careers.datadoghq.com/detail/7132132/?gh_jid=7132132,False
Datadog,Security Sales Engineer,Cybersecurity,Maybe,Remote (US),"Illinois, USA, Remote; Texas, USA, Remote",2026-09-02 10:22,https://careers.datadoghq.com/detail/7554877/?gh_jid=7554877,False
Datadog,Security Sales Engineer,Cybersecurity,Maybe,Remote (US),"California, USA, Remote; Colorado, USA, Remote; Washington, USA, Remote",2026-09-02 10:22,https://careers.datadoghq.com/detail/8141243/?gh_jid=8141243,False
Datadog,Security Sales Engineer,Cybersecurity,Maybe,Remote (US),"Florida, USA, Remote; Georgia, USA, Remote; Massachusetts, USA, Remote; New York, USA, Remote",2026-09-02 10:22,https://careers.datadoghq.com/detail/8141240/?gh_jid=8141240,False
Deepwatch,Lead SOC Analyst,Cybersecurity,Maybe,Oregon,Tampa Hybrid or Remote,2026-08-18 22:02,https://www.deepwatch.com/current-job-openings/?gh_jid=4712680005,False
Dragos,Associate Principal Cyber Threat Intelligence Analyst,Cybersecurity,Maybe,Virginia,"Norfolk, VA",2026-08-27 15:43,https://job-boards.greenhouse.io/dragos/jobs/5389909008,False
Expel,Managed SIEM Detection Engineer,Cybersecurity,Maybe,Remote (US),Remote,2026-08-17 11:57,https://expel.com/about/career-listing/8718734002?gh_jid=8718734002,False
Expel,"Product Manager, Detection Pipeline",Cybersecurity,Maybe,Remote (US),Remote,2026-08-24 15:37,https://expel.com/about/career-listing/8706149002?gh_jid=8706149002,False
Expel,Senior Security Solutions Engineer,Cybersecurity,Maybe,Remote (US),Remote,2026-08-27 13:43,https://expel.com/about/career-listing/8756232002?gh_jid=8756232002,False
Fastly,Senior Data Security Architect,Cybersecurity,Maybe,California,"San Francisco, CA",2026-08-20 15:21,https://www.fastly.com/about/jobs/apply?gh_jid=8089506,False
Fastly,Senior Engineer - Security Products (Backend APIs),Cybersecurity,Maybe,"California, Colorado","Denver, CO; San Francisco, CA",2026-08-29 02:59,https://www.fastly.com/about/jobs/apply?gh_jid=8011076,False
Fastly,"Director, Product Marketing – Security, AI and Emerging Technology",Cybersecurity,Maybe,"California, Colorado, New York","Denver, CO; New York City, NY; San Francisco, CA",2026-08-20 15:21,https://www.fastly.com/about/jobs/apply?gh_jid=8119740,False
Fastly,Senior Security Technical Account Manager,Cybersecurity,Maybe,"California, Colorado, New York","Denver, CO; New York City, NY; San Francisco, CA",2026-08-22 03:52,https://www.fastly.com/about/jobs/apply?gh_jid=8114333,False
Fastly,Staff Product Marketing Manager – Security,Cybersecurity,Maybe,"California, Colorado, New York","Denver, CO; New York City, NY; San Francisco, CA",2026-08-20 15:21,https://www.fastly.com/about/jobs/apply?gh_jid=8120168,False
GuidePoint Security,"Security Engineer (Denver, CO) - Heartland (Remote)",Cybersecurity,Maybe,Colorado,"Denver, CO",2026-09-03 09:48,https://boards.greenhouse.io/guidepointsecurity/jobs/6123662004?gh_jid=6123662004,False
GuidePoint Security,Network Security Engineer,Cybersecurity,Maybe,"Maryland, Virginia, Washington DC","DC, MD, VA",2026-08-11 13:51,https://boards.greenhouse.io/guidepointsecurity/jobs/6020492004?gh_jid=6020492004,False
GuidePoint Security,Director of Cybersecurity Advisory - Northeast region,Cybersecurity,Maybe,Massachusetts,"Boston, MA",2026-09-03 09:43,https://boards.greenhouse.io/guidepointsecurity/jobs/5852081004?gh_jid=5852081004,False
GuidePoint Security,"AI Security Engineer - Mid-Atlantic region (Remote in VA, MD, PA, NC, DE, NJ, or DC)",Cybersecurity,Maybe,Remote (US),Remote,2026-09-03 09:36,https://boards.greenhouse.io/guidepointsecurity/jobs/6030474004?gh_jid=6030474004,False
GuidePoint Security,"Application Security Engineer - Mid-Atlantic region (Remote in VA, MD, PA, NC, DE, NJ, or DC)",Cybersecurity,Maybe,Remote (US),Remote,2026-09-03 09:36,https://boards.greenhouse.io/guidepointsecurity/jobs/6094965004?gh_jid=6094965004,False
GuidePoint Security,Application Security Engineer (Remote in the U.S.),Cybersecurity,Maybe,Remote (US),Remote,2026-09-03 09:37,https://boards.greenhouse.io/guidepointsecurity/jobs/6009383004?gh_jid=6009383004,False
GuidePoint Security,IAM Engineer - PAM (Remote in the US),Cybersecurity,Maybe,Remote (US),Remote,2026-09-03 09:44,https://boards.greenhouse.io/guidepointsecurity/jobs/6099961004?gh_jid=6099961004,False
GuidePoint Security,Managing Security Consultant - Access Management (Remote in the U.S.),Cybersecurity,Maybe,Remote (US),Remote,2026-09-03 09:45,https://boards.greenhouse.io/guidepointsecurity/jobs/6138974004?gh_jid=6138974004,False
GuidePoint Security,Microsoft Security Engagement Lead- Remote (Anywhere in the U.S.),Cybersecurity,Maybe,Remote (US),Remote,2026-08-24 11:36,https://boards.greenhouse.io/guidepointsecurity/jobs/6151398004?gh_jid=6151398004,False
GuidePoint Security,Security Architect - Exposure Management (Presales) - Northeast region,Cybersecurity,Maybe,Remote (US),Remote,2026-09-03 09:46,https://boards.greenhouse.io/guidepointsecurity/jobs/6134623004?gh_jid=6134623004,False
GuidePoint Security,Security Architect - Network and Data Security (Presales) - Northeast region,Cybersecurity,Maybe,Remote (US),Remote,2026-09-03 09:47,https://boards.greenhouse.io/guidepointsecurity/jobs/6141904004?gh_jid=6141904004,False
GuidePoint Security,"Security Consultant, Compliance- Remote (Anywhere in the U.S.)",Cybersecurity,Maybe,Remote (US),Remote,2026-08-06 13:07,https://boards.greenhouse.io/guidepointsecurity/jobs/6008482004?gh_jid=6008482004,False
GuidePoint Security,"Security Consultant (Identity & SecOps) - Mid-Atlantic region (Remote in NC, VA, MD, DC, DE, PA, or NJ)",Cybersecurity,Maybe,Remote (US),Remote,2026-09-03 09:48,https://boards.greenhouse.io/guidepointsecurity/jobs/6143047004?gh_jid=6143047004,False
GuidePoint Security,"Senior Application Security Consultant, Strategic Services- Remote (Anywhere in the U.S.)",Cybersecurity,Maybe,Remote (US),Remote,2026-08-06 13:13,https://boards.greenhouse.io/guidepointsecurity/jobs/6099423004?gh_jid=6099423004,False
GuidePoint Security,Senior Security Architect - AD/Entra ID (Remote in the US),Cybersecurity,Maybe,Remote (US),Remote,2026-09-03 09:50,https://boards.greenhouse.io/guidepointsecurity/jobs/6161136004?gh_jid=6161136004,False
GuidePoint Security,Senior Security Architect - Northeast region,Cybersecurity,Maybe,Remote (US),Remote,2026-09-03 09:51,https://boards.greenhouse.io/guidepointsecurity/jobs/6143482004?gh_jid=6143482004,False
GuidePoint Security,Senior Security Consultant - Okta (Remote in the US),Cybersecurity,Maybe,Remote (US),Remote,2026-09-03 09:52,https://boards.greenhouse.io/guidepointsecurity/jobs/6150698004?gh_jid=6150698004,False
GuidePoint Security,Senior Security Engineer (Firewall) - Mid-Atlantic region,Cybersecurity,Maybe,Remote (US),Remote,2026-09-03 09:52,https://boards.greenhouse.io/guidepointsecurity/jobs/5843886004?gh_jid=5843886004,False
GuidePoint Security,"Team Lead, Data Security - Northeast region (Remote)",Cybersecurity,Maybe,Remote (US),Remote,2026-09-03 09:53,https://boards.greenhouse.io/guidepointsecurity/jobs/5837957004?gh_jid=5837957004,False
GuidePoint Security,"Senior Security Architect (Salt Lake City, UT) - Southwest region",Cybersecurity,Maybe,Utah,"Salt Lake City, UT",2026-09-03 09:51,https://boards.greenhouse.io/guidepointsecurity/jobs/6122413004?gh_jid=6122413004,False
GuidePoint Security,Cloud Security Engineer,Cybersecurity,Maybe,Virginia,"Reston, VA",2026-08-11 13:34,https://boards.greenhouse.io/guidepointsecurity/jobs/6111621004?gh_jid=6111621004,False
GuidePoint Security,Cybersecurity Solutions Architect/Engineer,Cybersecurity,Maybe,Virginia,"Falls Church, VA",2026-09-03 14:53,https://boards.greenhouse.io/guidepointsecurity/jobs/6181209004?gh_jid=6181209004,False
GuidePoint Security,Endpoint Security Engineer,Cybersecurity,Maybe,Virginia,"Falls Church, VA",2026-09-03 14:53,https://boards.greenhouse.io/guidepointsecurity/jobs/6181141004?gh_jid=6181141004,False
GuidePoint Security,Security Architect (Northern Virginia) - Mid-Atlantic region,Cybersecurity,Maybe,Virginia,"Reston, VA",2026-09-03 09:47,https://boards.greenhouse.io/guidepointsecurity/jobs/6129622004?gh_jid=6129622004,False
GuidePoint Security,Vectra Detection Engineer,Cybersecurity,Maybe,Virginia,"Chantilly, VA",2026-08-12 10:37,https://boards.greenhouse.io/guidepointsecurity/jobs/6141997004?gh_jid=6141997004,False
GuidePoint Security,CNAPP Security Engineer Mid Atlantic region,Cybersecurity,Maybe,Virginia,"Reston, VA",2026-04-16 00:00,https://remoteOK.com/remote-jobs/remote-cnapp-security-engineer-mid-atlantic-region-guidepoint-security-1131144,False
Inovalon,Data Governance & AI Strategy Advisor,Cybersecurity,Maybe,Maryland,"Bowie, MD",2026-07-14 14:40,https://www.inovalon.com/careers/job/?gh_jid=7788898003,False
Inovalon,Data Governance & AI Strategy Advisor,Cybersecurity,Maybe,Remote (US),Remote,2026-07-14 14:40,https://www.inovalon.com/careers/job/?gh_jid=7792794003,False
IonQ,Senior IAM Engineer,Cybersecurity,Maybe,"Colorado, Maryland, Remote (US), Washington","Bothell, Washington, United States; Boulder, Colorado, United States; College Park, Maryland, United States; Remote, US",2026-04-11 00:01,https://remoteOK.com/remote-jobs/remote-senior-iam-engineer-ionq-1131083,False
Keeper Security,Senior Datadog Security & Observability Engineer,Cybersecurity,Maybe,Remote (US),"Remote, US",2026-08-24 11:40,https://job-boards.greenhouse.io/keepersecurity/jobs/4356145009,False
Keeper Security,Senior Information Systems Security Officer (ISSO),Cybersecurity,Maybe,Remote (US),"Remote, US",2026-08-24 11:41,https://job-boards.greenhouse.io/keepersecurity/jobs/4357333009,False
Keeper Security,"Senior Linux Engineer, Privileged Access",Cybersecurity,Maybe,Remote (US),"Remote, US",2026-08-18 13:57,https://job-boards.greenhouse.io/keepersecurity/jobs/4374346009,False
Keeper Security,"Senior QA Analyst, Privileged Access Management",Cybersecurity,Maybe,Remote (US),"Remote, US",2026-08-24 11:30,https://job-boards.greenhouse.io/keepersecurity/jobs/4090651009,False
Keeper Security,"Senior SDET, API / Security",Cybersecurity,Maybe,Remote (US),"Remote, US",2026-08-20 17:12,https://job-boards.greenhouse.io/keepersecurity/jobs/4183460009,False
Keeper Security,"Senior Solutions Architect, Identity Security",Cybersecurity,Maybe,Remote (US),"Remote, US",2026-07-27 14:51,https://job-boards.greenhouse.io/keepersecurity/jobs/4332348009,False
Keeper Security,"Senior Technical Program Manager, Privileged Access Management",Cybersecurity,Maybe,Remote (US),"Remote, US",2026-08-27 15:47,https://job-boards.greenhouse.io/keepersecurity/jobs/4385755009,False
MongoDB,"Product Security Engineer, Server",Cybersecurity,Maybe,New York,New York City; Seattle; United States,2026-09-01 03:40,https://www.mongodb.com/careers/job/?gh_jid=8098695,False
MongoDB,"Security Software Engineer, Infrastructure Security (Staff or Senior)",Cybersecurity,Maybe,New York,Austin; New York City; San Francisco; Seattle; United States,2026-09-01 03:40,https://www.mongodb.com/careers/job/?gh_jid=7727896,False
MongoDB,"Senior Software Engineer, Server Security",Cybersecurity,Maybe,New York,New York City,2026-09-01 03:40,https://www.mongodb.com/careers/job/?gh_jid=7815677,False
MongoDB,"Site Reliability Engineer (Senior or Staff), Infrastructure Security",Cybersecurity,Maybe,New York,Austin; New York City; San Francisco; Seattle; United States,2026-09-01 03:40,https://www.mongodb.com/careers/job/?gh_jid=7758610,False
MongoDB,"Software Engineer 3, Atlas Identity and Access Management",Cybersecurity,Maybe,New York,New York City,2026-09-01 03:40,https://www.mongodb.com/careers/job/?gh_jid=8069776,False
MoonPay,Product Security Manager,Cybersecurity,Maybe,Remote (US),United States (East Coast Time Zone) - Remote,2026-03-28 16:00,https://remoteOK.com/remote-jobs/remote-product-security-manager-moonpay-1130926,False
NerdWallet,Security Engineer II Canada,Cybersecurity,Maybe,Remote (US),Remote (US),2026-03-22 08:00,https://remoteOK.com/remote-jobs/remote-security-engineer-ii-canada-nerdwallet-1130860,False
Netskope,"Sr. Engineering Manager, Data Security",Cybersecurity,Maybe,California,"Santa Clara, California, United States",2026-09-03 16:37,https://www.netskope.com/company/careers/open-positions/?gh_jid=8095510,False
Obsidian Security,Software Engineer - AI Security Product,Cybersecurity,Maybe,California,"Palo Alto, California, USA",2026-08-05 16:51,https://job-boards.greenhouse.io/obsidiansecurity/jobs/5290880008,False
Obsidian Security,Threat Intelligence Lead,Cybersecurity,Maybe,California,"Palo Alto, CA",2026-08-25 15:49,https://job-boards.greenhouse.io/obsidiansecurity/jobs/5405912008,False
Okta,"Staff Backend Engineer, Identity Threat Protection",Cybersecurity,Maybe,California,"San Francisco, California",2026-08-24 12:51,https://www.okta.com/company/careers/opportunity/8053199?gh_jid=8053199,False
Okta,"Staff Security Engineer, TDI",Cybersecurity,Maybe,California,"San Francisco, California",2026-08-24 12:51,https://www.okta.com/company/careers/opportunity/8015013?gh_jid=8015013,False
Okta,Principal Product Manager - Okta Identity Threat Detection and Response Products,Cybersecurity,Maybe,"California, Illinois, New York, Washington","Bellevue, Washington; Chicago, Illinois; New York, New York; San Francisco, California; Toronto, Ontario, Canada; Washington, DC",2026-08-26 15:59,https://www.okta.com/company/careers/opportunity/8157885?gh_jid=8157885,False
Okta,Staff AI Security Engineer,Cybersecurity,Maybe,"California, Illinois, New York, Washington","Bellevue, Washington; Chicago, Illinois; New York, New York; San Francisco, California; Washington, DC",2026-08-24 12:51,https://www.okta.com/company/careers/opportunity/8084173?gh_jid=8084173,False
Okta,Staff Product Security Engineer,Cybersecurity,Maybe,"California, Illinois, New York, Washington","Bellevue, Washington; Chicago, Illinois; New York, New York; San Francisco, California; Washington, DC",2026-08-24 12:51,https://www.okta.com/company/careers/opportunity/7976658?gh_jid=7976658,False
Okta,"Staff Product Security Engineer, Reviews",Cybersecurity,Maybe,"California, Illinois, New York, Washington","Bellevue, Washington; Chicago, Illinois; New York, New York; San Francisco, California; Toronto, Ontario, Canada; Washington, DC",2026-08-24 12:51,https://www.okta.com/company/careers/opportunity/7976665?gh_jid=7976665,False
Okta,"Staff Product Marketing Manager, Privileged Access Management",Cybersecurity,Maybe,"California, Illinois, Washington","Bellevue, Washington; Chicago, Illinois; San Francisco, California; Toronto, Ontario, Canada",2026-08-24 12:51,https://www.okta.com/company/careers/opportunity/8070608?gh_jid=8070608,False
Okta,"Staff Product Marketing Manager, Security",Cybersecurity,Maybe,"California, Illinois, Washington","Bellevue, Washington; Chicago, Illinois; San Francisco, California; Toronto, Ontario, Canada",2026-08-24 12:51,https://www.okta.com/company/careers/opportunity/7559020?gh_jid=7559020,False
Okta,Sr. Product Manager - Agentic Security,Cybersecurity,Maybe,"Illinois, New York, Washington","Bellevue, Washington; Chicago, Illinois; New York, New York; Washington, DC",2026-08-24 12:51,https://www.okta.com/company/careers/opportunity/8038929?gh_jid=8038929,False
Okta,Senior Site Reliability Engineer - Security and Data Systems (Federal),Cybersecurity,Maybe,Washington,"Bellevue, Washington",2026-08-25 18:42,https://www.okta.com/company/careers/opportunity/7591606?gh_jid=7591606,False
Palantir,Senior Identity Security Engineer,Cybersecurity,Maybe,California,"Palo Alto, CA",2026-05-28 21:17,https://jobs.lever.co/palantir/bb7af139-064c-4a59-a784-9ba8c4324d21,False
Palantir,GRC Program Manager,Cybersecurity,Maybe,New York,"New York, NY",2026-07-20 14:47,https://jobs.lever.co/palantir/4625019a-479a-41dd-bd5a-21847629772b,False
Palantir,Information Security Engineer,Cybersecurity,Maybe,New York,"New York, NY",2025-01-29 21:50,https://jobs.lever.co/palantir/e2a8360a-710a-4185-b2a9-3b7d9fe590b1,False
Palantir,Information Security Engineer - Infrastructure Security,Cybersecurity,Maybe,New York,"New York, NY",2026-04-16 00:16,https://jobs.lever.co/palantir/1e77a5e8-9843-4516-a186-7c24f0ff07a0,False
Palantir,Information Security Engineer - Insider Risk,Cybersecurity,Maybe,New York,"New York, NY",2026-04-14 14:31,https://jobs.lever.co/palantir/2127f3af-1fb3-4aa3-9aa1-eb06967e0166,False
Palantir,Offensive Security Engineer,Cybersecurity,Maybe,New York,"New York, NY",2025-07-28 14:02,https://jobs.lever.co/palantir/5b1eac37-708b-4eb2-94f0-d2abe7945989,False
Palantir,Senior Identity Security Engineer,Cybersecurity,Maybe,New York,"New York, NY",2026-05-28 21:15,https://jobs.lever.co/palantir/144f32bc-21e5-42bd-9710-7165a22d51e1,False
Palantir,Technical Program Manager - Security,Cybersecurity,Maybe,New York,"New York, NY",2026-07-20 14:50,https://jobs.lever.co/palantir/b5362bc1-8a07-44e2-9ddc-cb4236aa0f20,False
Palantir,Defensive Security Analyst,Cybersecurity,Maybe,Washington,"Washington, D.C.",2026-01-08 11:51,https://jobs.lever.co/palantir/bc803bd5-7793-452d-9ae5-9301ee24615a,False
Palantir,Forward Deployed Security Engineer - US Government,Cybersecurity,Maybe,Washington,"Washington, D.C.",2026-03-09 20:23,https://jobs.lever.co/palantir/22053072-4c22-49c4-8299-28e107ceeb98,False
Palantir,GRC Program Manager,Cybersecurity,Maybe,Washington,"Washington, D.C.",2026-07-20 14:57,https://jobs.lever.co/palantir/def1573d-c2b6-42a7-963b-e13c3587b5e9,False
Palantir,GRC Program Manager,Cybersecurity,Maybe,Washington,"Seattle, WA",2026-07-20 14:57,https://jobs.lever.co/palantir/e5869901-d578-4229-a856-47af76a8f39a,False
Palantir,Information Security Engineer,Cybersecurity,Maybe,Washington,"Seattle, WA",2025-01-29 21:51,https://jobs.lever.co/palantir/1124402c-2088-40c6-b6aa-b9ef7777519b,False
Palantir,Information Security Engineer,Cybersecurity,Maybe,Washington,"Washington, D.C.",2025-01-29 21:51,https://jobs.lever.co/palantir/36703f67-6fae-445c-9277-f946121faaa0,False
Palantir,Information Security Engineer - Infrastructure Security,Cybersecurity,Maybe,Washington,"Washington, D.C.",2026-04-16 00:15,https://jobs.lever.co/palantir/4bfef5e0-6689-4db8-9ffe-ab6df6836845,False
Palantir,Information Security Engineer - Insider Risk,Cybersecurity,Maybe,Washington,"Seattle, WA",2026-04-14 14:32,https://jobs.lever.co/palantir/6bddf672-5920-46f3-8127-2a15a377cb99,False
Palantir,Information Security Engineer - Insider Risk,Cybersecurity,Maybe,Washington,"Washington, D.C.",2026-04-14 14:32,https://jobs.lever.co/palantir/b0e1823a-fbe7-4c9d-a4d3-a1e738db2589,False
Palantir,Offensive Security Engineer,Cybersecurity,Maybe,Washington,"Washington, D.C.",2026-08-14 15:54,https://jobs.lever.co/palantir/5614a901-ef96-4b9c-928d-4a9c338c8aad,False
Palantir,Senior Identity Security Engineer,Cybersecurity,Maybe,Washington,"Washington, D.C.",2026-05-28 21:18,https://jobs.lever.co/palantir/146aba99-2a9a-44ee-9fb3-42dd1e211221,False
Palantir,Technical Program Manager - Security,Cybersecurity,Maybe,Washington,"Washington, D.C.",2026-07-20 15:01,https://jobs.lever.co/palantir/b908b3e4-81f9-47b3-9088-ee8dd3932003,False
Palantir,Technical Program Manager - Security,Cybersecurity,Maybe,Washington,"Seattle, WA",2026-07-20 15:01,https://jobs.lever.co/palantir/e76eaef3-f240-467d-8260-1d6d92ed5c41,False
Ping Identity,Senior Software Engineer — PingOne Platform Administration & Security,Cybersecurity,Maybe,Colorado,"USA - Denver, CO",2026-08-25 16:39,https://job-boards.greenhouse.io/pingidentity/jobs/8635227002,False
Ping Identity,Senior Software Engineer — PingOne Platform Administration & Security,Cybersecurity,Maybe,Texas,"USA - Austin, TX",2026-08-25 16:39,https://job-boards.greenhouse.io/pingidentity/jobs/8643455002,False
Reddit,"Senior Security Engineer, AI Security",Cybersecurity,Maybe,Remote (US),Remote - United States,2026-07-08 12:15,https://job-boards.greenhouse.io/reddit/jobs/8039261,False
Reddit,Staff Product Security Engineer,Cybersecurity,Maybe,Remote (US),Remote - United States,2026-07-08 12:15,https://job-boards.greenhouse.io/reddit/jobs/7868511,False
Reddit,"Trust and Safety Policy, Ads Policy,  Lead",Cybersecurity,Maybe,Remote (US),Remote - United States,2026-08-27 03:24,https://job-boards.greenhouse.io/reddit/jobs/8159077,False
Robinhood,"Manager of Response, Automation, Intelligence & Detection Engineering",Cybersecurity,Maybe,"California, Colorado","Denver, CO; Menlo Park, CA",2026-09-03 13:48,https://boards.greenhouse.io/robinhood/jobs/8055526?t=gh_src=&gh_jid=8055526,False
Robinhood,Staff Offensive Security Engineer,Cybersecurity,Maybe,"California, Colorado, New York, Washington","Bellevue, WA; Denver, CO; Menlo Park, CA; New York, NY",2026-09-02 13:26,https://boards.greenhouse.io/robinhood/jobs/7460167?t=gh_src=&gh_jid=7460167,False
Robinhood,"Staff Security Engineer, Detection & Response",Cybersecurity,Maybe,"California, Colorado, Washington","Bellevue, WA; Denver, CO; Menlo Park, CA",2026-08-30 03:05,https://boards.greenhouse.io/robinhood/jobs/7939818?t=gh_src=&gh_jid=7939818,False
Robinhood,Senior Cloud Security Engineer,Cybersecurity,Maybe,"California, Washington","Bellevue, WA; Menlo Park, CA",2026-08-31 10:25,https://boards.greenhouse.io/robinhood/jobs/8081776?t=gh_src=&gh_jid=8081776,False
Robinhood,Senior Corporate Security Engineer,Cybersecurity,Maybe,"California, Washington","Bellevue, WA; Menlo Park, CA",2026-08-25 14:51,https://boards.greenhouse.io/robinhood/jobs/7847485?t=gh_src=&gh_jid=7847485,False
Robinhood,"Senior Software Engineer, Security Platform",Cybersecurity,Maybe,"California, Washington","Bellevue, WA; Menlo Park, CA",2026-08-25 14:51,https://boards.greenhouse.io/robinhood/jobs/7899482?t=gh_src=&gh_jid=7899482,False
Robinhood,Senior Staff Software Security Engineer,Cybersecurity,Maybe,"California, Washington","Bellevue, WA; Menlo Park, CA",2026-09-02 03:06,https://boards.greenhouse.io/robinhood/jobs/8167616?t=gh_src=&gh_jid=8167616,False
Robinhood,"Software Engineer, Cryptography",Cybersecurity,Maybe,"California, Washington","Bellevue, WA; Menlo Park, CA",2026-08-25 14:51,https://boards.greenhouse.io/robinhood/jobs/8077370?t=gh_src=&gh_jid=8077370,False
Rubrik,"Staff Platform Product Manager, Platform & Cloud Security",Cybersecurity,Maybe,California,"Palo Alto, CA",2026-09-03 16:28,https://www.rubrik.com/company/careers/departments/job.7423902?gh_jid=7423902,False
Samsara,Sr. Security Engineer - Enterprise Security,Cybersecurity,Maybe,California,Remote - CA,2026-09-03 18:32,https://www.samsara.com/company/careers/roles/7752492?gh_jid=7752492,False
Samsara,Senior Security Operations Engineer I,Cybersecurity,Maybe,Remote (US),Remote - US,2026-08-20 14:53,https://www.samsara.com/company/careers/roles/8021105?gh_jid=8021105,False
Stripe,Client Platform Security Engineer,Cybersecurity,Maybe,New York,"New York, New York ",2026-09-01 16:42,https://stripe.com/jobs/search?gh_jid=7982720,False
Stripe,"Program Manager, Security GRC",Cybersecurity,Maybe,Remote (US),Remote,2026-08-18 17:38,https://stripe.com/jobs/search?gh_jid=8078131,False
Stripe,Security Incident Response Engineer,Cybersecurity,Maybe,Remote (US),US Remote,2026-08-25 16:17,https://stripe.com/jobs/search?gh_jid=8142302,False
Stripe,"Software Engineer, Vulnerability Management",Cybersecurity,Maybe,Remote (US),US - Remote,2026-08-18 17:38,https://stripe.com/jobs/search?gh_jid=8089353,False
Tanium,Staff Identity and Access Management Engineer,Cybersecurity,Maybe,"California, North Carolina, Texas, Virginia, Washington","Addison, TX (Hybrid); Bellevue, WA (Hybrid); Durham, NC (Hybrid); Emeryville, CA (Hybrid); Reston, VA (Hybrid)",2026-09-02 19:32,https://job-boards.greenhouse.io/tanium/jobs/8126772,False
Tanium,"Director, Product Management - Endpoint Policy and Configuration Management",Cybersecurity,Maybe,"California, North Carolina, Texas, Washington","Addison, TX (Hybrid); Bellevue, WA (Hybrid); Durham, NC (Hybrid); Emeryville, CA (Hybrid)",2026-08-28 16:56,https://job-boards.greenhouse.io/tanium/jobs/8127094,False
Tenable,Research Manager - Security Research/Audits & Compliance,Cybersecurity,Maybe,Maryland,US - Headquarters - Maryland - Columbia,2026-09-01 09:24,https://job-boards.greenhouse.io/tenableinc/jobs/5400359008,False
Tenable,Director of Product Marketing -  Cloud & OT Security,Cybersecurity,Maybe,Remote (US),"US - Remote - Massachusetts , US - Headquarters - Maryland - Columbia",2026-09-02 08:40,https://job-boards.greenhouse.io/tenableinc/jobs/5413733008,False
Tenable,Security Sales Engineer - SLED/Public Sector,Cybersecurity,Maybe,Remote (US),US - Remote - Austin - Texas,2026-09-02 16:23,https://job-boards.greenhouse.io/tenableinc/jobs/5414481008,False
Trace3,Regional Principal Security Solutions Architect | Wiz/PAN/CrowdStrike (Remote),Cybersecurity,Maybe,California,"Irvine, CA, United States",2026-08-26 19:09,https://job-boards.greenhouse.io/trace3/jobs/8160798,False
Twilio,Global Security Operations Center Operator,Cybersecurity,Maybe,Remote (US),Remote - US,2026-08-28 18:58,https://job-boards.greenhouse.io/twilio/jobs/7808464,False
Twilio,"Senior Security Engineer, Incident Response",Cybersecurity,Maybe,Remote (US),Remote - US,2026-09-02 12:08,https://job-boards.greenhouse.io/twilio/jobs/8065040,False
Twilio,Sr Architect - Emerging Technologies (Fraud Detection and Governance),Cybersecurity,Maybe,Remote (US),Remote - US,2026-09-02 12:08,https://job-boards.greenhouse.io/twilio/jobs/7960476,False
Twilio,Staff Engineer - Offensive Security,Cybersecurity,Maybe,Remote (US),Remote - US,2026-09-02 12:01,https://job-boards.greenhouse.io/twilio/jobs/8048657,False
Twilio,"Staff Enterprise Security Engineer, AI Security",Cybersecurity,Maybe,Remote (US),Remote - US,2026-09-02 11:56,https://job-boards.greenhouse.io/twilio/jobs/8160279,False
UltraViolet Cyber,Principal Cyber Security Solutions Architect,Cybersecurity,Maybe,Maryland,"National Harbor, MD",2026-08-25 18:19,https://jobs.lever.co/uvcyber/eeac2fd9-dbc9-428c-b0c6-a81e24f8ce71,False
UltraViolet Cyber,Senior Security Engineer - Crowdstrike,Cybersecurity,Maybe,Maryland,"National Harbor, MD",2026-08-03 17:57,https://jobs.lever.co/uvcyber/496fa1b1-00d0-4991-8bf3-5e68f2187c1e,False
UltraViolet Cyber,Senior Security Engineer - Splunk,Cybersecurity,Maybe,Maryland,"National Harbor, MD",2026-08-20 15:12,https://jobs.lever.co/uvcyber/7c6c0765-0225-4339-9822-c41df64f6c3f,False
UltraViolet Cyber,Network Security Engineer (Zscaler),Cybersecurity,Maybe,Remote (US),Remote,2026-07-13 21:10,https://jobs.lever.co/uvcyber/4eef8675-334e-4ce8-b6df-e84efe2669ce,False
UltraViolet Cyber,"Sales Executive, Offensive Security Services Consulting | Southeast",Cybersecurity,Maybe,Remote (US),Remote,2026-06-15 14:10,https://jobs.lever.co/uvcyber/59593739-b33f-4dcd-9ddc-2f28359f06ae,False
UltraViolet Cyber,Information Security Systems Engineer (RHEL Focus),Cybersecurity,Maybe,Virginia,"Herndon, VA",2026-08-12 17:06,https://jobs.lever.co/uvcyber/41e9eeaf-e521-4ff1-b0dc-b7e43ff324b6,False
UltraViolet Cyber,Information Systems Security Officer (Secret Clearance),Cybersecurity,Maybe,Virginia,"Bluemont, VA",2026-06-03 04:06,https://jobs.lever.co/uvcyber/f7b2fba5-bbcd-4808-ac13-dea1d1b99568,False
UltraViolet Cyber,"Security (SOC) Analyst, Secret Clearance Required",Cybersecurity,Maybe,Virginia,"Herndon, VA",2023-08-16 23:09,https://jobs.lever.co/uvcyber/9f2b6fee-9834-4d26-9d70-5ac8f996494e,False
UltraViolet Cyber,Security Controls Assessor,Cybersecurity,Maybe,Virginia,"Bluemont, VA",2026-06-03 04:08,https://jobs.lever.co/uvcyber/cacdfc1c-8aa5-4b31-8f78-8c973a060756,False
UltraViolet Cyber,Security Engineer (Active Secret Clearance),Cybersecurity,Maybe,Virginia,"Herndon, VA",2026-08-11 20:05,https://jobs.lever.co/uvcyber/3a5a2754-0dfc-4b72-86d3-67ba88f997fd,False
UltraViolet Cyber,Senior Information Systems Security Officer (Secret Clearance),Cybersecurity,Maybe,Virginia,"Bluemont, VA",2026-06-03 04:03,https://jobs.lever.co/uvcyber/042f6941-cbf9-48ba-9abc-88fd26dbb0aa,False
UltraViolet Cyber,"Senior Security (SOC) Analyst, Secret Clearance Required",Cybersecurity,Maybe,Virginia,"Herndon, VA",2025-12-11 21:26,https://jobs.lever.co/uvcyber/1c168122-8406-493e-ae61-3624b7369526,False
UltraViolet Cyber,"Senior Security (SOC) Analyst, Secret Clearance Required",Cybersecurity,Maybe,Virginia,"Herndon, VA",2025-08-05 19:30,https://jobs.lever.co/uvcyber/5af6f94e-c12a-4a50-9f32-e1aff6bf297b,False
UltraViolet Cyber,Senior Security Analyst (Top Secret),Cybersecurity,Maybe,Virginia,"Springfield, VA",2026-06-11 15:51,https://jobs.lever.co/uvcyber/2838df4b-6b43-4d2b-85b1-190aff4b18e6,False
Veeam Software,Senior Sales Engineer Data & AI Security,Cybersecurity,Maybe,Missouri,"Saint Louis, MO, USA",2026-03-15 16:00,https://remoteOK.com/remote-jobs/remote-senior-sales-engineer-data-ai-security-veeam-software-1130787,False
Verkada,Director of Global Security,Cybersecurity,Maybe,California,"San Mateo, CA United States",2026-08-19 01:02,https://job-boards.greenhouse.io/verkada/jobs/5155848007,False
Verkada,Embedded Linux Security Engineer,Cybersecurity,Maybe,California,"San Mateo, CA United States",2026-08-24 14:08,https://job-boards.greenhouse.io/verkada/jobs/4129347007,False
Verkada,GRC Engineer,Cybersecurity,Maybe,California,"San Mateo, CA United States",2026-08-23 15:50,https://job-boards.greenhouse.io/verkada/jobs/5219548007,False
Verkada,"Lead Product Manager, Edge Products (Gateways & Security Trailers)",Cybersecurity,Maybe,California,"San Mateo, CA United States",2026-08-24 14:08,https://job-boards.greenhouse.io/verkada/jobs/5209567007,False
Verkada,"Product Manager, Perimeter & Intrusion Security",Cybersecurity,Maybe,California,"San Mateo, CA United States",2026-08-24 14:08,https://job-boards.greenhouse.io/verkada/jobs/5205130007,False
Verkada,"Product Marketing Manager, Privacy and Video Security",Cybersecurity,Maybe,California,"San Mateo, CA United States",2026-09-02 18:08,https://job-boards.greenhouse.io/verkada/jobs/5150337007,False
Verkada,Security Software Engineering Intern 2027,Cybersecurity,Maybe,California,"San Mateo, CA United States",2026-08-25 14:12,https://job-boards.greenhouse.io/verkada/jobs/5213881007,False
Verkada,Staff Backend Engineer - Device Security,Cybersecurity,Maybe,California,"San Mateo, CA United States",2026-08-24 14:08,https://job-boards.greenhouse.io/verkada/jobs/5154370007,False
Verkada,"Staff+ Security Engineer, Core Command",Cybersecurity,Maybe,California,"San Mateo, CA United States",2026-08-24 14:08,https://job-boards.greenhouse.io/verkada/jobs/5167601007,False
Verkada,"Staff+ Security Engineer, Developer Tools",Cybersecurity,Maybe,California,"San Mateo, CA United States",2026-08-24 14:08,https://job-boards.greenhouse.io/verkada/jobs/5167607007,False
Verkada,"Staff+ Software Engineer, Agentic Software Security",Cybersecurity,Maybe,California,"San Mateo, CA United States",2026-09-02 00:58,https://job-boards.greenhouse.io/verkada/jobs/5226046007,False
Verkada,Staff Software Engineer - Detection and Response Platform,Cybersecurity,Maybe,California,"San Mateo, CA United States",2026-08-24 14:08,https://job-boards.greenhouse.io/verkada/jobs/5143766007,False
Wiz,Threat Detection Researcher (Windows/Linux/MacOS),Cybersecurity,Maybe,New York,New York City,2026-08-20 12:29,https://www.wiz.io/careers/job/4693950006/:title?gh_jid=4693950006,False
Wiz,"Chief of Staff, Security Customer Engineering",Cybersecurity,Maybe,Remote (US),Remote - USA,2026-09-01 12:59,https://www.wiz.io/careers/job/4710111006/:title?gh_jid=4710111006,False
Wiz,Threat Intelligence Researcher (Cloud),Cybersecurity,Maybe,Remote (US),Remote - USA,2026-08-20 11:04,https://www.wiz.io/careers/job/4658917006/:title?gh_jid=4658917006,False
Wiz,Cyber Threat Intel Analyst,Cybersecurity,Maybe,Washington,"Washington, D.C.",2026-09-03 13:53,https://www.wiz.io/careers/job/4705367006/:title?gh_jid=4705367006,False
Zscaler,"Senior Product Marketing Manager, Zero Trust Cloud",Cybersecurity,Maybe,California,"San Jose, California, USA",2026-08-19 17:21,https://job-boards.greenhouse.io/zscaler/jobs/5155237007,False
Zscaler,"Senior Product Marketing Manager, Zero Trust for Agentic AI",Cybersecurity,Maybe,California,"San Jose, California, USA",2026-08-19 17:21,https://job-boards.greenhouse.io/zscaler/jobs/5169428007,False
Zscaler,"Staff Machine Learning Engineer - Data Lake, Anomaly Detection",Cybersecurity,Maybe,California,"San Jose, California, USA",2026-08-19 17:21,https://job-boards.greenhouse.io/zscaler/jobs/5114450007,False
Zscaler,Staff Software Engineer - AI Security (Go/Rust/Python),Cybersecurity,Maybe,California,"San Jose, California, USA",2026-09-02 16:08,https://job-boards.greenhouse.io/zscaler/jobs/5202464007,False
Zscaler,Senior IT Security Operations Engineer,Cybersecurity,Maybe,"California, Remote (US)","Remote - USA; San Jose, California, USA",2026-08-19 17:29,https://job-boards.greenhouse.io/zscaler/jobs/5208831007,False
Zscaler,"Sr. Staff Software Development Engineer-AI Security (Network, Security, LLM)",Cybersecurity,Maybe,"California, Washington","Bellevue, Washington, USA; San Jose, California, USA",2026-08-26 12:26,https://job-boards.greenhouse.io/zscaler/jobs/5146138007,False
Zscaler,"Principal Specialist Sales Engineer, Zero Trust Branch - Enterprise, East",Cybersecurity,Maybe,"Massachusetts, Remote (US)","Boston, Massachusetts, USA; Remote - Connecticut, USA; Remote - D.C., USA; Remote - Maine, USA; Remote - New Hampshire, USA; Remote - New York, USA; Remote - Pennsylvania, USA; Remote - Vermont, USA; Remote - Virginia, USA; Remote - West Virginia, USA",2026-08-19 17:21,https://job-boards.greenhouse.io/zscaler/jobs/5196217007,False
Zscaler,"Director, Product Management, Customer Security Outcomes",Cybersecurity,Maybe,Remote (US),Remote - USA,2026-08-19 17:21,https://job-boards.greenhouse.io/zscaler/jobs/5149191007,False
Zscaler,Principal AI Security Specialist - Central,Cybersecurity,Maybe,Remote (US),"Remote - Illinois, USA; Remote - Indiana, USA; Remote - Michigan, USA; Remote - Ohio, USA",2026-08-19 17:21,https://job-boards.greenhouse.io/zscaler/jobs/5199936007,False
Zscaler,Principal AI Security Specialist - East,Cybersecurity,Maybe,Remote (US),"Remote - Massachusetts, USA; Remote - New Jersey, USA; Remote - New York, USA; Remote - Pennsylvania, USA",2026-08-19 17:21,https://job-boards.greenhouse.io/zscaler/jobs/5174759007,False
Zscaler,Principal AI Security Specialist - South,Cybersecurity,Maybe,Remote (US),"Remote - Florida, USA; Remote - Georgia, USA; Remote - Tennessee, USA; Remote - Texas, USA",2026-08-19 17:21,https://job-boards.greenhouse.io/zscaler/jobs/5174761007,False
Zscaler,"Principal Specialist Sales Engineer, Data Security - AMS",Cybersecurity,Maybe,Remote (US),Remote - USA,2026-08-19 17:21,https://job-boards.greenhouse.io/zscaler/jobs/5132564007,False
Zscaler,"Principal Specialist Sales Engineer, Data Security - Majors, East",Cybersecurity,Maybe,Remote (US),"Remote - D.C., USA; Remote - Maryland, USA; Remote - Massachusetts, USA; Remote - New Jersey, USA; Remote - New York, USA; Remote - Virginia, USA",2026-08-19 17:21,https://job-boards.greenhouse.io/zscaler/jobs/5196229007,False
Zscaler,"Principal Specialist Sales Engineer, Data Security - SLED",Cybersecurity,Maybe,Remote (US),Remote - USA,2026-08-19 17:21,https://job-boards.greenhouse.io/zscaler/jobs/5196231007,False
Zscaler,"Principal Specialist Sales Engineer, Zero Trust Branch - Healthcare/SLED",Cybersecurity,Maybe,Remote (US),"AMS - Update Location; Remote - Alabama, USA; Remote - Connecticut, USA; Remote - D.C., USA; Remote - Delaware, USA; Remote - Florida, USA; Remote - Georgia, USA; Remote - Indiana, USA; Remote - Kentucky, USA; Remote - Maine, USA; Remote - Maryland, USA; Remote - Massachusetts, USA; Remote - Michigan, USA; Remote - Mississippi, USA; Remote - New Hampshire, USA; Remote - New Jersey, USA; Remote - New York, USA; Remote - North Carolina, USA; Remote - Ohio, USA; Remote - Pennsylvania, USA; Remote - Rhode Island, USA; Remote - South Carolina, USA; Remote - Tennessee, USA; Remote - Vermont, USA; Remote - Virginia, USA; Remote - West Virginia, USA",2026-08-19 17:21,https://job-boards.greenhouse.io/zscaler/jobs/5199283007,False
Zscaler,"Principal Specialist Sales Engineer, Zero Trust Branch - Majors, West",Cybersecurity,Maybe,Remote (US),"Remote - Arizona, USA; Remote - California, USA; Remote - Colorado, USA; Remote - Idaho, USA; Remote - Iowa, USA; Remote - Minnesota, USA; Remote - Montana, USA; Remote - Nebraska, USA; Remote - Nevada, USA; Remote - New Mexico, USA; Remote - North Dakota, USA; Remote - Oregon, USA; Remote - South Dakota, USA; Remote - Utah, USA; Remote - Washington, USA; Remote - Wisconsin, USA; Remote - Wyoming, USA",2026-08-19 17:21,https://job-boards.greenhouse.io/zscaler/jobs/5196219007,False
Zscaler,"Security Architect, Agentic AI",Cybersecurity,Maybe,Remote (US),Remote - USA,2026-08-19 17:21,https://job-boards.greenhouse.io/zscaler/jobs/5132492007,False
Zscaler,Senior Professional Services Consultant - Zero Trust Cloud Specialist,Cybersecurity,Maybe,Remote (US),"Remote - Texas, USA",2026-08-24 18:18,https://job-boards.greenhouse.io/zscaler/jobs/5210021007,False
Zscaler,"Specialist Account Executive, Data Security - Enterprise, East",Cybersecurity,Maybe,Remote (US),"Remote - Massachusetts, USA; Remote - New York, USA",2026-09-02 15:53,https://job-boards.greenhouse.io/zscaler/jobs/5179466007,False
Zscaler,Principal AI Security Specialist - Federal,Cybersecurity,Maybe,"Remote (US), Virginia","McLean, Virginia, USA; Remote - D.C., USA",2026-08-19 17:21,https://job-boards.greenhouse.io/zscaler/jobs/5174765007,False
Zscaler,"Sr. Staff Site Reliability Engineer-Federal, Security Clearance",Cybersecurity,Maybe,Virginia,"Crystal City, Virginia, USA",2026-08-19 17:21,https://job-boards.greenhouse.io/zscaler/jobs/5128580007,False
Affirm,IT Support Administrator I,IT / On-Ramp,Yes,New York,"New York, New York, United States",2026-08-14 18:24,https://job-boards.greenhouse.io/affirm/jobs/7860016003,False
Brex,Support Specialist I,IT / On-Ramp,Yes,Utah,"Salt Lake City, Utah, United States",2026-09-04 12:29,https://www.brex.com/careers/8656548002?gh_jid=8656548002,False
Keeper Security,IT Support Specialist,IT / On-Ramp,Yes,Remote (US),"Remote, US",2026-08-24 11:13,https://job-boards.greenhouse.io/keepersecurity/jobs/4330623009,False
Netskope,IT Support Analyst,IT / On-Ramp,Yes,Missouri,"Saint Louis, Missouri, United States",2026-08-19 13:52,https://www.netskope.com/company/careers/open-positions/?gh_jid=8064456,False
Robinhood,"Investment Accounts Associate, Help Desk",IT / On-Ramp,Yes,Texas,"Westlake, TX",2026-09-01 14:48,https://boards.greenhouse.io/robinhood/jobs/8168392?t=gh_src=&gh_jid=8168392,False
Abnormal Security,L1 Technical Support Engineer,IT / On-Ramp,Maybe,Remote (US),Remote - USA,2026-08-31 11:45,https://abnormal.ai/careers/jobs/7801478003?gh_jid=7801478003,False
Databricks,Sr. Manager – Data & AI Support Engineering,IT / On-Ramp,Maybe,Texas,"Plano, Texas",2026-08-18 13:17,https://databricks.com/company/careers/open-positions/job?gh_jid=7914730002,False
Datadog,"Technical Support Engineer 3, Premier - US-West",IT / On-Ramp,Maybe,California,"San Francisco, California, USA",2026-09-02 10:22,https://careers.datadoghq.com/detail/7758574/?gh_jid=7758574,False
Datadog,Federal Support Engineer 3,IT / On-Ramp,Maybe,Colorado,"Denver, Colorado, USA",2026-09-02 10:22,https://careers.datadoghq.com/detail/7997846/?gh_jid=7997846,False
Datadog,"Manager I, Premier Support Engineering - Denver",IT / On-Ramp,Maybe,Colorado,"Denver, Colorado, USA",2026-09-03 10:44,https://careers.datadoghq.com/detail/8083563/?gh_jid=8083563,False
Datadog,"Technical Support Engineer 2, Premier - NYC (Japanese Speaking)",IT / On-Ramp,Maybe,New York,"New York, New York, USA",2026-09-02 10:22,https://careers.datadoghq.com/detail/8109441/?gh_jid=8109441,False
Obsidian Security,Senior Support Engineer,IT / On-Ramp,Maybe,Remote (US),US Remote (East/Central),2026-08-05 16:51,https://job-boards.greenhouse.io/obsidiansecurity/jobs/5365008008,False
Palantir,Support Engineer,IT / On-Ramp,Maybe,New York,"New York, NY",2026-05-19 18:25,https://jobs.lever.co/palantir/838bce97-415d-4cdc-95ea-904005feb131,False
Ping Identity,Senior Technical Support Engineer,IT / On-Ramp,Maybe,Remote (US),USA - Remote,2026-08-27 10:26,https://job-boards.greenhouse.io/pingidentity/jobs/8743157002,False
Ping Identity,Senior Technical Support Engineer - Elite,IT / On-Ramp,Maybe,Remote (US),USA - Remote,2026-09-01 16:49,https://job-boards.greenhouse.io/pingidentity/jobs/8696471002,False
Samsara,Bilingual Customer Support Specialist,IT / On-Ramp,Maybe,Remote (US),Remote - US,2026-08-20 14:53,https://www.samsara.com/company/careers/roles/8079873?gh_jid=8079873,False
Stripe,"Technical Support Engineer, Metronome",IT / On-Ramp,Maybe,California,"San Francisco, CA",2026-08-18 17:38,https://stripe.com/jobs/search?gh_jid=7733725,False
Tenable,Technical Support Engineer (Remote/West Coast),IT / On-Ramp,Maybe,Remote (US),US - Remote - Washington,2026-09-02 21:27,https://job-boards.greenhouse.io/tenableinc/jobs/5271457008,False
Trace3,System Administrator II,IT / On-Ramp,Maybe,Colorado,"Colorado Springs, CO",2026-08-24 18:44,https://job-boards.greenhouse.io/trace3/jobs/8155504,False
Trace3,System Administrator II,IT / On-Ramp,Maybe,Colorado,"Colorado Springs, CO",2026-08-31 12:59,https://job-boards.greenhouse.io/trace3/jobs/8165150,False
Verkada,Senior Technical Support Engineer,IT / On-Ramp,Maybe,California,"San Mateo, CA United States",2026-08-24 14:08,https://job-boards.greenhouse.io/verkada/jobs/4997665007,False
Verkada,Technical Support Engineer,IT / On-Ramp,Maybe,California,"San Mateo, CA United States",2026-08-24 14:08,https://job-boards.greenhouse.io/verkada/jobs/5063200007,False
Verkada,Technical Support Engineering Manager,IT / On-Ramp,Maybe,California,"San Mateo, CA United States",2026-08-24 14:08,https://job-boards.greenhouse.io/verkada/jobs/5144834007,False
Verkada,Technical Support Engineer - University Graduate 2026,IT / On-Ramp,Maybe,California,"San Mateo, CA United States",2026-08-26 14:24,https://job-boards.greenhouse.io/verkada/jobs/4715534007,False
